,Gambia nan,Georgia nan,Germany nan,Ghana nan,Greece nan,Grenada nan,Guatemala nan,Guinea nan
0,3531.2547262505677,1185.9720984305256,121818.95485232412,1801.8241479674898,1833.7457356500818,223.15530084013005,6972.7724066145165,421.3000238217094
1,4.12496782135323e-05,8.344392275272181e-05,1.5168576024113895e-06,9.389733475017292e-05,6.180976613163055e-05,0.0005581542294964073,1.5875415471240365e-05,0.0007077803914291455
2,0.05194335632488471,0.026575244910874415,0.05063788027751588,0.004910946129422531,0.009744357324517621,0.0010358043710497968,0.019056596485461798,0.010738781052415845
3,0.027597181205073276,0.0013159372308222542,0.0024906291966611885,0.0020685848940666524,0.0032699320803955996,-0.007943684866360854,0.0028167603317004568,0.0004769575508661438
4,1.019405960348743,1.9081002388356592,46.03791836294275,4.963324965481689,6.538708640482299,1.5888038547381036,2.746544373058848,3.067625526078018
5,0.11326732892763812,0.006360334129452197,0.0003504740319501728,0.00780397007151209,0.0030132297882406907,0.11348598962415025,0.016446373491370347,0.008450759025008314
